CHANNEL_THREAD,pexels-christian-heitz.jpg,4,567.929016
CHANNEL_THREAD,pexels-christian-heitz.jpg,4,690.105042
CHANNEL_THREAD,pexels-christian-heitz.jpg,4,891.792786
CHANNEL_THREAD,pexels-christian-heitz.jpg,4,707.203613
CHANNEL_THREAD,pexels-christian-heitz.jpg,4,843.817322
CHANNEL_THREAD,pexels-christian-heitz.jpg,8,600.951721
CHANNEL_THREAD,pexels-christian-heitz.jpg,8,735.101562
CHANNEL_THREAD,pexels-christian-heitz.jpg,8,349.412506
CHANNEL_THREAD,pexels-christian-heitz.jpg,8,387.917877
CHANNEL_THREAD,pexels-christian-heitz.jpg,8,713.037048
CHANNEL_THREAD,pexels-christian-heitz.jpg,16,714.263367
CHANNEL_THREAD,pexels-christian-heitz.jpg,16,375.540436
CHANNEL_THREAD,pexels-christian-heitz.jpg,16,713.740967
CHANNEL_THREAD,pexels-christian-heitz.jpg,16,356.752075
CHANNEL_THREAD,pexels-christian-heitz.jpg,16,718.010071
